feature,coef,plain,helps_purify,abs
n_cys,-0.2233589208967249,cysteine count,False,0.2233589208967249
longest_loop,0.21020456170938923,longest loop,True,0.21020456170938923
n_sequons,0.20614424469602224,glycan sequons,True,0.20614424469602224
longest_tm,0.20181361861528455,longest TM span,True,0.20181361861528455
aa_C,0.19378951202091832,aa C,True,0.19378951202091832
length,-0.1894584427626328,length,False,0.1894584427626328
tm_frac,-0.18930437046728738,TM residue fraction,False,0.18930437046728738
aa_G,-0.176777525489836,aa G,False,0.176777525489836
aa_E,-0.10823758142069664,aa E,False,0.10823758142069664
aa_K,-0.10528657392509293,aa K,False,0.10528657392509293
aa_V,0.10398632587563175,aa V,True,0.10398632587563175
aa_T,0.10204795124108551,aa T,True,0.10204795124108551
aa_N,0.09040998317494872,aa N,True,0.09040998317494872
aa_M,0.08619772981156791,aa M,True,0.08619772981156791
aa_W,0.08154646199121986,aa W,True,0.08154646199121986
aa_A,0.07818364709309412,aa A,True,0.07818364709309412
aa_P,-0.07407971649600964,aa P,False,0.07407971649600964
aa_F,-0.06726150665062823,aa F,False,0.06726150665062823
extra_frac,0.06161983020649679,extramembrane fraction,True,0.06161983020649679
aa_D,0.061208428387492145,aa D,True,0.061208428387492145
aa_L,-0.05972423541306067,aa L,False,0.05972423541306067
aa_S,-0.050290612776013065,aa S,False,0.050290612776013065
net_charge,0.050167400378205454,net charge,True,0.050167400378205454
kd_mean,0.041047935255584714,mean hydrophobicity,True,0.041047935255584714
n_tm,0.038872203493386014,TM helix count,True,0.038872203493386014
aa_H,0.03601850447430529,aa H,True,0.03601850447430529
aa_Q,0.023872335189164855,aa Q,True,0.023872335189164855
n_term_extra,0.01563444307165446,N-terminus outside,True,0.01563444307165446
c_term_extra,-0.007100647466525772,C-terminus outside,False,0.007100647466525772
aa_I,0.007013149925314655,aa I,True,0.007013149925314655
aa_R,0.003369138569823261,aa R,True,0.003369138569823261
aa_Y,-0.0018973805930435753,aa Y,False,0.0018973805930435753
