candidate,accession,fsu,organism,label
Ap4,Q9YC10,31000,Aeropyrum pernix,0
Ap6,Q9YFR5,54000,Aeropyrum pernix,0
Ap7,Q9YEN5,25000,Aeropyrum pernix,0
Ap9,Q9YAM9,45000,Aeropyrum pernix,0
Ap10,Q9Y9L9,22000,Aeropyrum pernix,0
Ap11,Q9Y918,47000,Aeropyrum pernix,0
Ap12,Q9Y8L7,101000,Aeropyrum pernix,1
Af1,O30022,31000,Archaeoglobus fulgidus,0
Af3,O29412,46000,Archaeoglobus fulgidus,0
Af4,O29023,34000,Archaeoglobus fulgidus,0
Af8,O29022,25000,Archaeoglobus fulgidus,0
Af9,O28857,34000,Archaeoglobus fulgidus,0
Af10,O28726,118000,Archaeoglobus fulgidus,1
Af11,O28600,72000,Archaeoglobus fulgidus,1
Af12,O28169,22000,Archaeoglobus fulgidus,0
Af15,O29993,23000,Archaeoglobus fulgidus,0
Af16,O29472,61000,Archaeoglobus fulgidus,1
Af17,O29285,65000,Archaeoglobus fulgidus,1
Af19,O30277,34000,Archaeoglobus fulgidus,0
Af20,NP_071083.1,31000,Archaeoglobus fulgidus,0
Af21,NP_069832.1,39000,Archaeoglobus fulgidus,0
Af22,NP_071101.1,23000,Archaeoglobus fulgidus,0
Af23,NP_070962.1,66000,Archaeoglobus fulgidus,1
Af24,NP_070708.1,61000,Archaeoglobus fulgidus,1
Af26,NP_070381.1,41000,Daunorubicin resistance membrane,0
Af27,NP_070263.1,99000,Daunorubicin resistance membrane,1
Af28,NP_069332.1,43000,Daunorubicin resistance membrane,0
Af29,NP_069540.1,23000,Daunorubicin resistance membrane,0
Bh4,Q9KBF6,31000,Bacillus halodurans,0
Bh7,Q9K7W8,46000,Bacillus halodurans,0
Bh8,Q9K7M1,165000,Bacillus halodurans,1
Bh9,Q9K5Q2,26000,Bacillus halodurans,0
Bh10,Q9Z9W7,33000,Bacillus halodurans,0
Ct4,Q8KEM8,82000,Chlorobium tepidium,1
Ct5,Q8KDP0,37000,Chlorobium tepidium,0
Ct6,Q8KC40,150000,Chlorobium tepidium,1
Ct7,Q8KB92,33000,Chlorobium tepidium,0
Ct8,Q8KAY4,130000,Chlorobium tepidium,1
Ct10,Q8KDB0,40000,Chlorobium tepidium,0
Dr1,Q9RXE0,29000,Deinococcus radiodurans,0
Dr2,Q9RWL4,28000,Deinococcus radiodurans,0
Dr5,Q9RRU0,46000,Deinococcus radiodurans,0
Dr10,Q9RXU5,76000,Deinococcus radiodurans,1
Dr17,Q9RVH3,44000,Deinococcus radiodurans,0
Dr18,Q9RV07,43000,Deinococcus radiodurans,0
Dr21,Q9RUQ8,50000,Deinococcus radiodurans,0
Dr24,Q9RSZ8,45000,Deinococcus radiodurans,0
Dr26,Q9RSM6,40000,Deinococcus radiodurans,0
Dr27,Q9RSF5,33000,Deinococcus radiodurans,0
Dr28,Q9RS23,36000,Deinococcus radiodurans,0
Dr29,Q9RS20,29000,Deinococcus radiodurans,0
Dr34,Q9RZS1,66000,Deinococcus radiodurans,1
Dr35,Q9RZF0,82461,Deinococcus radiodurans,1
Dv1,Q728I6,93000,Desulfovibrio vulgaris,1
Dv2,Q729P8,59000,Desulfovibrio vulgaris,0
Dv3,Q72WJ3,57000,Desulfovibrio vulgaris,0
Dv5,Q72EP3,48000,Desulfovibrio vulgaris,0
Dv6,Q72E39,47000,Desulfovibrio vulgaris,0
Dv7,Q72CX0,33000,Desulfovibrio vulgaris,0
Dv8,Q72C49,18000,Desulfovibrio vulgaris,0
Dv9,Q72AU5,52000,Desulfovibrio vulgaris,0
Dv11,Q72C83,28000,Desulfovibrio vulgaris,0
Dv12,Q72AL4,57000,Desulfovibrio vulgaris,0
Dv14,Q72F34,52000,Desulfovibrio vulgaris,0
Dv15,Q726J9,23000,Desulfovibrio vulgaris,0
Dv16,Q72WT3,25000,Desulfovibrio vulgaris,0
Dv18,Q72D72,23000,Desulfovibrio vulgaris,0
Dv19,Q72D38,29000,Desulfovibrio vulgaris,0
Dv20,Q72CX3,50000,Desulfovibrio vulgaris,0
Dv21,Q729P4,22000,Desulfovibrio vulgaris,0
Dv22,Q729B6,36000,Desulfovibrio vulgaris,0
Dv23,Q72CQ2,63000,Desulfovibrio vulgaris,1
Dv24,Q72WF3,34000,Desulfovibrio vulgaris,0
Dv25,YP_011767.1,88000,Desulfovibrio vulgaris,1
Dv26,YP_010408.1,47000,Desulfovibrio vulgaris,0
Dv27,YP_010853.1,29000,Desulfovibrio vulgaris,0
Dv28,YP_011850.1,58000,Desulfovibrio vulgaris,0
Gs2,Q74DW2,27000,Geobacter sulfurreducens,0
Gs3,Q74DW1,24000,Geobacter sulfurreducens,0
Gs5,Q74GI1,20000,Geobacter sulfurreducens,0
Gs6,Q74BA5,83000,Geobacter sulfurreducens,1
Gs7,Q74GR0,26000,Geobacter sulfurreducens,0
Gs10,Q74F57,27000,Geobacter sulfurreducens,0
Gs15,Q749J8,22000,Geobacter sulfurreducens,0
Gs20,Q74CP0,48000,Geobacter sulfurreducens,0
Gs21,Q74CF1,11000,Geobacter sulfurreducens,0
Gs22,Q74B94,39000,Geobacter sulfurreducens,0
Gs25,Q74AJ1,17000,Geobacter sulfurreducens,0
Gs26,Q748H5,55000,Geobacter sulfurreducens,0
Gs27,Q749E9,66000,Geobacter sulfurreducens,1
Oo1,Q04FY2,21000,Oenococcus oeni,0
Oo2,Q04FK1,73000,Oenococcus oeni,1
Oo3,Q04DD4,40000,Oenococcus oeni,0
Oo5,Q04HA9,29000,Oenococcus oeni,0
Oo6,Q04HA7,28000,Oenococcus oeni,0
Oo7,Q04H42,21000,Oenococcus oeni,0
Oo9,Q04GU3,20000,Oenococcus oeni,0
Oo10,Q04GR9,30000,Oenococcus oeni,0
Oo11,Q04GP4,22000,Oenococcus oeni,0
Oo12,Q04G55,20000,Oenococcus oeni,0
Oo13,Q04G49,23000,Oenococcus oeni,0
Oo14,Q04G48,30000,Oenococcus oeni,0
Oo17,Q04FM3,16000,Oenococcus oeni,0
Oo18,Q04FM2,22000,Oenococcus oeni,0
Oo23,Q04E65,35000,Oenococcus oeni,0
Oo24,Q04DX6,24000,Oenococcus oeni,0
Oo25,Q04DX5,16000,Oenococcus oeni,0
Pf5,Q8U3L6,43000,Pyrococcus furiosus,0
Pf6,Q8U427,46000,Pyrococcus furiosus,0
Pf7,Q8U422,78000,Pyrococcus furiosus,1
Pf8,Q8U3V5,55000,Pyrococcus furiosus,0
Pf9,Q8U1P1,44000,Pyrococcus furiosus,0
Pf10,Q8U0I6,34000,Pyrococcus furiosus,0
Ph1,O57747,78000,Pyrococcus horikoshii,1
Ph2,O58074,102000,Pyrococcus horikoshii,1
Ph3,O59323,23000,Pyrococcus horikoshii,0
Ph7,O58682,28000,Pyrococcus horikoshii,0
Ph8,O59255,31000,Pyrococcus horikoshii,0
Ph10,NP_142156.1,22000,Pyrococcus horikoshii,0
Ph11,NP_143811.1,104000,Pyrococcus horikoshii,1
Ph12,NP_142608.1,30000,Pyrococcus horikoshii,0
Ph13,NP_143637.1,21000,Pyrococcus horikoshii,0
Ph14,NP_143430.1,24000,Pyrococcus horikoshii,0
Ph15,NP_877871.1,23000,Pyrococcus horikoshii,0
Ph16,NP_142647.1,24000,Pyrococcus horikoshii,0
Ph18,NP_142106.1,20000,Pyrococcus horikoshii,0
Ph19,NP_142251.1,20000,Pyrococcus horikoshii,0
Ph21,NP_143648.1,29000,Pyrococcus horikoshii,0
Ph23,NP_143207.1,40000,Pyrococcus horikoshii,0
Ph25,NP_142088.1,28000,Pyrococcus horikoshii,0
Ph26,NP_142317.1,41000,Pyrococcus horikoshii,0
Ph27,NP_142356.1,24000,Pyrococcus horikoshii,0
Ph29,NP_143043.1,24000,Pyrococcus horikoshii,0
Rm1,Q1LR85,39000,Ralstonia metallidurans,0
Rm2,Q1LMC6,77000,Ralstonia metallidurans,1
Rm3,Q1LL19,79000,Ralstonia metallidurans,1
Rm4,Q1LJX5,110000,Ralstonia metallidurans,1
Rm6,Q1LIE1,42000,Ralstonia metallidurans,0
Rm7,Q1LIC3,94000,Ralstonia metallidurans,1
Rm8,Q1LE13,87000,Ralstonia metallidurans,1
Rm9,Q1LD70,36000,Ralstonia metallidurans,0
Rm10,Q1LBM8,63000,Ralstonia metallidurans,1
Rm11,Q1LB14,156000,Ralstonia metallidurans,1
Rm12,Q58AF6,37000,Ralstonia metallidurans,0
Rm13,Q1LSG7,40000,Ralstonia metallidurans,0
Rm14,Q1LR44,101000,Ralstonia metallidurans,1
Rm16,Q1LMW3,44000,Ralstonia metallidurans,0
Rm17,Q1LHL8,53000,Ralstonia metallidurans,0
Rm18,Q1LDP0,21000,Ralstonia metallidurans,0
Rm19,Q1LDC9,30000,Ralstonia metallidurans,0
Rm22,Q1LSH3,47000,Ralstonia metallidurans,0
Rm25,Q1LQB7,28000,Drug resistance transporter EmrB/QacA,0
Rm26,Q1LQB3,21000,Drug resistance transporter EmrB/QacA,0
Rm29,Q1LN60,128000,Drug resistance transporter Bcr/CflA,1
Rm30,Q1LLZ8,54000,Drug resistance transporter Bcr/CflA,0
Rm31,Q1LLX4,31000,Drug resistance transporter Bcr/CflA,0
Rm32,Q1LLM4,87000,Drug resistance transporter Bcr/CflA,1
Rm33,Q1LKD2,28000,Drug resistance transporter Bcr/CflA,0
Rm34,Q1LKD1,64000,Drug resistance transporter Bcr/CflA,1
So1,Q8EHC6,25000,Shewanella oneidensis,0
So2,Q8EFY9,64000,Shewanella oneidensis,1
So3,Q8EED5,19000,Shewanella oneidensis,0
So4,Q8EDJ5,63000,Shewanella oneidensis,1
So5,Q8E842,109000,Shewanella oneidensis,1
So6,Q8E808,45000,Shewanella oneidensis,0
So7,Q8EJE5,47000,Shewanella oneidensis,0
So8,Q8EJV2,27000,Shewanella oneidensis,0
So9,Q8EH64,67000,Shewanella oneidensis,1
So10,Q8EE53,29000,Shewanella oneidensis,0
So11,NP_715670.1,29000,Shewanella oneidensis,0
So12,Q8EAX3,29000,Shewanella oneidensis,0
So13,Q8EJE2,21000,Shewanella oneidensis,0
So15,Q8EI19,103000,"Drug resistance transporter, EmrB/QacA",1
So16,Q8EGN5,38000,"Drug resistance transporter, EmrB/QacA",0
So17,Q8E9W6,40000,"Drug resistance transporter, EmrB/QacA",0
So19,Q8E802,25000,"Drug resistance transporter, EmrB/QacA",0
So20,Q8EBC5,71000,"Multidrug efflux transporter, DMT",1
So21,Q8E8L0,32000,"Multidrug efflux transporter, DMT",0
So22,Q8EBC4,88000,"Multidrug efflux transporter, DMT",1
So23,Q8E8K9,22000,"Multidrug efflux transporter, DMT",0
So24,Q8EHS2,20000,"Multidrug efflux transporter, DMT",0
So25,Q8EES3,94000,"Multidrug efflux transporter, DMT",1
So27,NP_718490.1,52000,"Multidrug efflux transporter, DMT",0
So29,NP_718628.1,31000,"Multidrug efflux transporter, DMT",0
So30,NP_716923.1,17000,"Multidrug efflux transporter, DMT",0
Sp1,Q6TMY8,77000,Silicibacter pomeroyi,1
Sp4,Q5LTJ3,60000,Silicibacter pomeroyi,1
Sp7,Q5LMR6,76000,Silicibacter pomeroyi,1
Sp8,Q5LMR7,71000,Silicibacter pomeroyi,1
Sp12,Q5LX43,37000,Silicibacter pomeroyi,0
Sp13,Q5LMH2,24000,Silicibacter pomeroyi,0
Sp17,Q5LW76,54000,Silicibacter pomeroyi,0
Sp2,Q5LX04,75000,Silicibacter pomeroyi,1
Sp21,Q5LTV8,31000,Silicibacter pomeroyi,0
Sp22,Q5LTL8,105000,Silicibacter pomeroyi,1
Sp24,Q5LT36,55000,Silicibacter pomeroyi,0
Sp25,Q5LSI9,37000,Silicibacter pomeroyi,0
Ss1,Q97U23,17000,Sulfolobus solfataricus,0
Ss2,Q97XX3,13000,Sulfolobus solfataricus,0
Ss4,Q97Z08,17000,Sulfolobus solfataricus,0
Ss6,Q97UN8,15000,Sulfolobus solfataricus,0
Ss7,Q97U31,21000,Sulfolobus solfataricus,0
Ss8,Q97XI3,31000,Sulfolobus solfataricus,0
Ss9,Q97XW8,17000,Sulfolobus solfataricus,0
Ss10,Q97Y43,32000,Sulfolobus solfataricus,0
Ss11,Q97Y15,19000,Sulfolobus solfataricus,0
Ss12,Q97XG8,18000,Sulfolobus solfataricus,0
Ss13,Q97X92,20000,Sulfolobus solfataricus,0
Ss14,Q97UL0,19000,Sulfolobus solfataricus,0
Ss15,Q97UD8,27000,Sulfolobus solfataricus,0
Ss16,Q97U91,23000,Sulfolobus solfataricus,0
Ss17,NP_342075.1,22000,Sulfolobus solfataricus,0
Ss18,NP_343625.1,34000,Sulfolobus solfataricus,0
Ss20,NP_343223.1,18000,Sulfolobus solfataricus,0
Ss21,NP_343113.1,20000,Sulfolobus solfataricus,0
Ss22,Q97ZU1,27000,Sulfolobus solfataricus,0
St1,YP_139963.1,34000,Streptococcus thermophilus,0
St2,Q5M6C3,30000,Streptococcus thermophilus,0
St3,Q5M426,38000,Streptococcus thermophilus,0
St4,Q5M424,25000,Streptococcus thermophilus,0
St5,Q5M610,31000,Streptococcus thermophilus,0
St6,Q5M682,29000,Streptococcus thermophilus,0
St7,Q5M683,33000,Streptococcus thermophilus,0
St8,Q5M3H4,29000,Streptococcus thermophilus,0
St9,Q5M3H5,33000,Streptococcus thermophilus,0
St10,Q5M5I1,30000,Streptococcus thermophilus,0
St11,Q5M369,65000,Streptococcus thermophilus,1
St12,Q5M2Q8,24000,Streptococcus thermophilus,0
St13,Q5M4D5,22000,Streptococcus thermophilus,0
St14,Q5M4D4,23000,Streptococcus thermophilus,0
St15,Q5M460,65000,Streptococcus thermophilus,1
St16,Q5M5U0,48000,Streptococcus thermophilus,0
St17,Q5M5T9,48000,Streptococcus thermophilus,0
St21,Q5M3F1,39000,Streptococcus thermophilus,0
St23,Q5M601,146000,Streptococcus thermophilus,1
St24,Q5M315,75000,Streptococcus thermophilus,1
St25,Q5M245,35000,Streptococcus thermophilus,0
St26,Q5M618,28000,Streptococcus thermophilus,0
St28,Q5M2Z8,98000,Streptococcus thermophilus,1
St29,Q5M3N9,59000,Streptococcus thermophilus,0
St30,Q5M2E7,31000,Streptococcus thermophilus,0
St31,Q5M3H0,35000,Streptococcus thermophilus,0
St33,Q5M5Z6,24000,Streptococcus thermophilus,0
St34,YP_139060.1,80000,Streptococcus thermophilus,1
St35,YP_140291.1,33000,Streptococcus thermophilus,0
St36,YP_138963.1,81000,Streptococcus thermophilus,1
Tm4,Q9WXN7,35000,Thermotoga maritima,0
Tm5,Q9WXT4,36000,Thermotoga maritima,0
Tm6,Q9WXV9,39000,Thermotoga maritima,0
Tm7,Q9WY33,28000,Thermotoga maritima,0
Tm8,Q9WY46,94000,Thermotoga maritima,1
Tm9,Q9WYN3,52000,Thermotoga maritima,0
Tm10,Q9WZ61,38000,Thermotoga maritima,0
Tm11,Q9X0P4,27000,Thermotoga maritima,0
Tm12,Q9X1C4,27000,Thermotoga maritima,0
Tm13,Q9WZS2,28000,Thermotoga maritima,0
Tm14,NP_228062.1,22000,Thermotoga maritima,0
Tm15,NP_227902.1,28000,Thermotoga maritima,0
Tm16,NP_229456.1,70000,Thermotoga maritima,1
Tm18,NP_229615.1,31000,Thermotoga maritima,0
Tm20,NP_228770.1,38000,Thermotoga maritima,0
Tm21,NP_228234.1,30000,Thermotoga maritima,0
Tm22,NP_229098.1,27000,Thermotoga maritima,0
Tm23,NP_228915.1,101000,Thermotoga maritima,1
Tm24,NP_228307.1,27000,Thermotoga maritima,0
Tm25,NP_229521.1,37000,Thermotoga maritima,0
Tt1,Q72K84,38000,Thermus thermophilus,0
Tt3,Q72IM0,32000,Thermus thermophilus,0
Tt5,Q72G86,37000,Thermus thermophilus,0
Tt6,Q72KL1,25000,Thermus thermophilus,0
Tt7,Q72HX9,58000,Thermus thermophilus,0
Tt8,Q72HB7,22000,Thermus thermophilus,0
Tt11,Q72KC2,28000,Thermus thermophilus,0
Tt14,Q72J32,38000,Thermus thermophilus,0
Tt15,Q72I99,64000,Thermus thermophilus,1
Tt17,Q72HL7,45000,Thermus thermophilus,0
Tt18,Q72H63,33000,Thermus thermophilus,0
Tt21,Q72GR5,76000,Thermus thermophilus,1
Tt22,Q72GQ5,64000,Thermus thermophilus,1
Tt23,Q72GF5,48000,Thermus thermophilus,0
Tt25,Q72G81,40000,Thermus thermophilus,0
Tt26,Q72G80,17000,Thermus thermophilus,0
Tt27,Q745T8,31000,Thermus thermophilus,0
Tt28,Q745T4,42000,Thermus thermophilus,0
Tv3,Q97AV5,23000,Thermoplasma volcanium,0
Tv4,Q97AH5,23000,Thermoplasma volcanium,0
Tv5,Q979Z2,27000,Thermoplasma volcanium,0
Tv7,Q97BP9,23000,Thermoplasma volcanium,0
Tv8,Q979W5,21000,Thermoplasma volcanium,0
Tv9,Q97CN2,23000,Thermoplasma volcanium,0
Tv10,Q97CG2,20000,Thermoplasma volcanium,0
Tv11,Q97CC5,51000,Thermoplasma volcanium,0
Tv12,Q97C87,18000,Thermoplasma volcanium,0
Tv13,Q97C83,66000,Thermoplasma volcanium,1
Tv14,Q97C76,21000,Thermoplasma volcanium,0
Tv16,Q97C55,21000,Thermoplasma volcanium,0
Tv18,Q97BG6,20000,Thermoplasma volcanium,0
Tv19,Q97BD9,19000,Thermoplasma volcanium,0
Tv21,Q97B97,22000,Thermoplasma volcanium,0
Tv25,Q97AJ5,24000,Thermoplasma volcanium,0
Tv27,Q97A80,37000,Thermoplasma volcanium,0
Tv29,Q979S3,27000,Thermoplasma volcanium,0
Tv30,Q979Q7,24000,Thermoplasma volcanium,0
Tv33,Q979G7,36000,Thermoplasma volcanium,0
Tv34,Q978Z4,21000,Thermoplasma volcanium,0
Tv35,Q978X8,21000,Thermoplasma volcanium,0
Tv36,Q978M7,47000,Thermoplasma volcanium,0
Tv37,Q978M5,23000,Thermoplasma volcanium,0
Tv38,Q978M4,26000,Thermoplasma volcanium,0
Tv39,Q978J3,29000,Thermoplasma volcanium,0
Tv40,Q978I2,27000,Thermoplasma volcanium,0
Tv41,Q978G9,36000,Thermoplasma volcanium,0
Tv42,Q978G3,24000,Thermoplasma volcanium,0
